Workbook

Sheet Branch_Summary
A1: branch | B1: total_revenue_kes | C1: orders | D1: revenue_rank | E1: region | G1: Notes
A2: Nairobi | B2: =SUMIFS(Data!$H$2:$H$1001,Data!$C$2:$C$1001,A2) -> 12133000 | C2: =COUNTIFS(Data!$C$2:$C$1001,A2) -> 349 | D2: =RANK(B2,$B$2:$B$6) -> 1 | E2: =_xlfn.XLOOKUP(A2,Regions!$A$2:$A$6,Regions!$B$2:$B$6) -> Capital | G2: revenue = units x unit_price (Data!H). Region uses XLOOKUP against the Regions sheet.
A3: Mombasa | B3: =SUMIFS(Data!$H$2:$H$1001,Data!$C$2:$C$1001,A3) -> 8444500 | C3: =COUNTIFS(Data!$C$2:$C$1001,A3) -> 263 | D3: =RANK(B3,$B$2:$B$6) -> 2 | E3: =_xlfn.XLOOKUP(A3,Regions!$A$2:$A$6,Regions!$B$2:$B$6) -> Coast | G3: PivotTable of revenue by branch and channel is on the 'Pivot' sheet.
A4: Nakuru | B4: =SUMIFS(Data!$H$2:$H$1001,Data!$C$2:$C$1001,A4) -> 4392000 | C4: =COUNTIFS(Data!$C$2:$C$1001,A4) -> 128 | D4: =RANK(B4,$B$2:$B$6) -> 3 | E4: =_xlfn.XLOOKUP(A4,Regions!$A$2:$A$6,Regions!$B$2:$B$6) -> Rift Valley
A5: Eldoret | B5: =SUMIFS(Data!$H$2:$H$1001,Data!$C$2:$C$1001,A5) -> 3860000 | C5: =COUNTIFS(Data!$C$2:$C$1001,A5) -> 115 | D5: =RANK(B5,$B$2:$B$6) -> 4 | E5: =_xlfn.XLOOKUP(A5,Regions!$A$2:$A$6,Regions!$B$2:$B$6) -> Rift Valley
A6: Kisumu | B6: =SUMIFS(Data!$H$2:$H$1001,Data!$C$2:$C$1001,A6) -> 3805500 | C6: =COUNTIFS(Data!$C$2:$C$1001,A6) -> 145 | D6: =RANK(B6,$B$2:$B$6) -> 5 | E6: =_xlfn.XLOOKUP(A6,Regions!$A$2:$A$6,Regions!$B$2:$B$6) -> Western
A7: TOTAL | B7: =SUM(B2:B6) -> 32635000 | C7: =SUM(C2:C6) -> 1000

Sheet Data
A1: order_id | B1: order_date | C1: branch | D1: product | E1: channel | F1: units | G1: unit_price | H1: revenue
A2: DK0118 | B2: 2026-01-01 | C2: Mombasa | D2: Headphones | E2: In-Store | F2: 4 | G2: 6500 | H2: =F2*G2 -> 26000
A3: DK0287 | B3: 2026-01-01 | C3: Eldoret | D3: Power Bank | E3: Online | F3: 3 | G3: 2500 | H3: =F3*G3 -> 7500
A4: DK0079 | B4: 2026-01-01 | C4: Nairobi | D4: Smart TV | E4: In-Store | F4: 2 | G4: 45000 | H4: =F4*G4 -> 90000
A5: DK0938 | B5: 2026-01-01 | C5: Mombasa | D5: Laptop | E5: In-Store | F5: 1 | G5: 62000 | H5: =F5*G5 -> 62000
A6: DK0554 | B6: 2026-01-02 | C6: Nakuru | D6: Smartphone | E6: In-Store | F6: 1 | G6: 18500 | H6: =F6*G6 -> 18500
A7: DK0606 | B7: 2026-01-02 | C7: Mombasa | D7: Headphones | E7: Online | F7: 5 | G7: 6500 | H7: =F7*G7 -> 32500
A8: DK0979 | B8: 2026-01-02 | C8: Nakuru | D8: Power Bank | E8: In-Store | F8: 2 | G8: 2500 | H8: =F8*G8 -> 5000
A9: DK0875 | B9: 2026-01-02 | C9: Eldoret | D9: Smartphone | E9: Online | F9: 2 | G9: 18500 | H9: =F9*G9 -> 37000
A10: DK0483 | B10: 2026-01-02 | C10: Nairobi | D10: Smartphone | E10: Online | F10: 1 | G10: 18500 | H10: =F10*G10 -> 18500
A11: DK0385 | B11: 2026-01-02 | C11: Kisumu | D11: Tablet | E11: In-Store | F11: 1 | G11: 28000 | H11: =F11*G11 -> 28000
A12: DK0842 | B12: 2026-01-02 | C12: Mombasa | D12: Laptop | E12: In-Store | F12: 2 | G12: 62000 | H12: =F12*G12 -> 124000
A13: DK0507 | B13: 2026-01-02 | C13: Eldoret | D13: Power Bank | E13: In-Store | F13: 1 | G13: 2500 | H13: =F13*G13 -> 2500
... A1001: DK0546 | B1001: 2026-06-30 | C1001: Nairobi | D1001: Smartphone | E1001: Online | F1001: 1 | G1001: 18500 | H1001: =F1001*G1001 -> 18500

Sheet Regions
A1: branch | B1: region
A2: Nairobi | B2: Capital
A3: Mombasa | B3: Coast
A4: Kisumu | B4: Western
A5: Nakuru | B5: Rift Valley
A6: Eldoret | B6: Rift Valley

Sheet Pivot
A1: Revenue (KES) by branch and channel
A3: Filter
A5: Sum - revenue | B5: channel
A6: branch | B6: In-Store | C6: Online | D6: Total Result
A7: Eldoret | B7: 2226000 | C7: 1634000 | D7: 3860000
A8: Kisumu | B8: 2198500 | C8: 1607000 | D8: 3805500
A9: Mombasa | B9: 5268000 | C9: 3176500 | D9: 8444500
A10: Nairobi | B10: 7164000 | C10: 4969000 | D10: 12133000
A11: Nakuru | B11: 2361000 | C11: 2031000 | D11: 4392000
A12: Total Result | B12: 19217500 | C12: 13417500 | D12: 32635000
